Alpha Omega,http://www.napavintners.com/winery/alpha-omega/,"1155 Mee Lane, Rutherford"
Andretti Winery,http://www.napavintners.com/winery/andretti-winery/,"4162 Big Ranch Road, Napa"
Artesa Winery,http://www.napavintners.com/winery/artesa-winery/,"1345 Henry Road, Napa"
B Cellars,http://www.napavintners.com/cellars/b-cellars/,"400 Silverado Trail, Calistoga"
Beaulieu Vineyard,http://www.napavintners.com/vineyards/beaulieu-vineyard/,"1960 Saint Helena Highway, Rutherford"
Bello Family Vineyards,http://www.napavintners.com/vineyards/bello-family-vineyards/,"929 Main Street, Saint Helena"
Beringer Vineyards,http://www.napavintners.com/vineyards/beringer-vineyards/,"2000 Main Street, Saint Helena"
Black Stallion Winery,http://www.napavintners.com/winery/black-stallion-winery/,"4089 Silverado Trail, Napa"
Blackbird Vineyards,http://www.napavintners.com/vineyards/blackbird-vineyards/,"Ma(i)sonry Napa Valley | 6711 Washington Street, Yountville"
Bouchaine Vineyards,http://www.napavintners.com/vineyards/bouchaine-vineyards/,"1075 Buchli Station Road, Napa"
Bounty Hunter Rare Wine,http://www.napavintners.com/winery/bounty-hunter-rare-wine/,"975 First Street, Napa"
Ca' Momi,http://www.napavintners.com/winery/ca-momi/,"610 1st St, Napa"
Castello di Amorosa,http://www.napavintners.com/winery/castello-di-amorosa/,"4045 Saint Helena Highway North, Calistoga"
Caymus Vineyards,http://www.napavintners.com/vineyards/caymus-vineyards/,"8700 Conn Creek Road, Rutherford"
Charles Krug,http://www.napavintners.com/winery/charles-krug/,"2800 Main Street, Saint Helena"
Chateau Montelena,http://www.napavintners.com/winery/chateau-montelena/,"1429 Tubbs Lane, Calistoga"
"Chiarello Family Vineyards, LLC",http://www.napavintners.com/vineyards/chiarello-family-vineyards-llc/,"6525 Washington Street, Yountville"
Chimney Rock Winery,http://www.napavintners.com/winery/chimney-rock-winery/,"5350 Silverado Trail, Napa"
Cliff Lede Vineyards,http://www.napavintners.com/vineyards/cliff-lede-vineyards/,"1473 Yountville Cross Road, Yountville"
Clos Du Val,http://www.napavintners.com/winery/clos-du-val/,"5330 Silverado Trail, Napa"
Clos Pegase,http://www.napavintners.com/winery/clos-pegase/,"1060 Dunaweal Lane, Calistoga"
Conn Creek Winery,http://www.napavintners.com/winery/conn-creek-winery/,"8711 Silverado Trail, Saint Helena"
Cornerstone Cellars,http://www.napavintners.com/cellars/cornerstone-cellars/,"6505 Washington Street, Yountville"
Cosentino Winery,http://www.napavintners.com/winery/cosentino-winery/,"7415 Saint Helena Highway, Yountville"
Darioush,http://www.napavintners.com/winery/darioush/,"4240 Silverado Trail, Napa"
Domaine Chandon,http://www.napavintners.com/winery/domaine-chandon/,"1 California Drive, Yountville"
Duckhorn Vineyards,http://www.napavintners.com/vineyards/duckhorn-vineyards/,"1000 Lodi Lane, Saint Helena"
Dutch Henry Winery,http://www.napavintners.com/winery/dutch-henry-winery/,"4310 Silverado Trail, Calistoga"
Elizabeth Spencer,http://www.napavintners.com/winery/elizabeth-spencer/,"1165 Rutherford Road, Rutherford"
Emblem Wines,http://www.napavintners.com/winery/emblem-wines/,"1285 Dealy Lane, Napa"
Etude,http://www.napavintners.com/winery/etude/,"1250 Cuttings Wharf Road, Napa"
Flora Springs Winery & Vineyards,http://www.napavintners.com/winery/flora-springs-winery-and-vineyards/,"677 South Saint Helena Highway, Saint Helena"
Flying Horse Winery,http://www.napavintners.com/winery/flying-horse-winery/,"7830-40 Saint Helena Highway, Oakville"
Franciscan Estate,http://www.napavintners.com/estates/franciscan-estate/,"1178 Galleron Road, Saint Helena"
Frank Family Vineyards,http://www.napavintners.com/vineyards/frank-family-vineyards/,"1091 Larkmead Lane, Calistoga"
Freemark Abbey,http://www.napavintners.com/winery/freemark-abbey/,"3022 Saint Helena Highway North, Saint Helena"
Ghost Block,http://www.napavintners.com/winery/ghost-block/,"7830-40 Saint Helena Highway, Oakville"
Girard Winery,http://www.napavintners.com/winery/girard-winery/,"6795 Washington Street, Yountville"
Grgich Hills Estate,http://www.napavintners.com/estates/grgich-hills-estate/,"1829 Saint Helena Highway, St Helena"
HALL,http://www.napavintners.com/winery/hall/,"401 Saint Helena Highway South, Saint Helena"
Havens Winery,http://www.napavintners.com/winery/havens-winery/,"1004 Clinton Street, Napa"
Heitz Wine Cellars,http://www.napavintners.com/cellars/heitz-wine-cellars/,"436 Saint Helena Highway South, Saint Helena"
Hill Family Estate,http://www.napavintners.com/estates/hill-family-estate/,"6512 Washington Street, Yountville"
hope & grace Winery,http://www.napavintners.com/winery/hope-and-grace-winery/,"6540 Washington Street, Yountville"
Jessup Cellars,http://www.napavintners.com/cellars/jessup-cellars/,"6740 Washington Street, Yountville"
John Anthony Vineyards,http://www.napavintners.com/vineyards/john-anthony-vineyards/,"1440 First Street, Napa"
Kelham Vineyards & Winery,http://www.napavintners.com/winery/kelham-vineyards-and-winery/,"360 Zinfandel Lane, Saint Helena"
Kenefick Ranch Winery,http://www.napavintners.com/winery/kenefick-ranch-winery/,"2200 Pickett Road, Calistoga"
Laird Family Estate,http://www.napavintners.com/estates/laird-family-estate/,"5055 Solano Avenue, Napa"
Louis M. Martini Winery,http://www.napavintners.com/winery/louis-m.-martini-winery/,"254 South Saint Helena Highway, Saint Helena"
Luna Vineyards,http://www.napavintners.com/vineyards/luna-vineyards/,"2921 Silverado Trail, Napa"
Madonna Estate,http://www.napavintners.com/estates/madonna-estate/,"5400 Old Sonoma Road, Napa"
Markham Vineyards,http://www.napavintners.com/vineyards/markham-vineyards/,"2812 Saint Helena Highway North, Saint Helena"
Merryvale Vineyards,http://www.napavintners.com/vineyards/merryvale-vineyards/,"1000 Main Street, Saint Helena"
Metaphora Wines,http://www.napavintners.com/winery/metaphora-wines/,"5055 Solano Avenue, Napa"
Michael Mondavi Family Estate,http://www.napavintners.com/estates/michael-mondavi-family-estate/,"1285 Dealy Lane, Napa"
Miner Family Winery,http://www.napavintners.com/winery/miner-family-winery/,"7850 Silverado Trail, Oakville"
Monticello Vineyards,http://www.napavintners.com/vineyards/monticello-vineyards/,"4242 Big Ranch Road, Napa"
Mumm Napa,http://www.napavintners.com/winery/mumm-napa/,"8445 Silverado Trail, Rutherford"
Napa Cellars,http://www.napavintners.com/cellars/napa-cellars/,"7481 Saint Helena Highway, Oakville"
Napa Smith Winery,http://www.napavintners.com/winery/napa-smith-winery/,"1 Executive Way, Napa"
Nichelini Family Winery,http://www.napavintners.com/winery/nichelini-family-winery/,"2950 Sage Canyon Road, Saint Helena"
Oakville Winery,http://www.napavintners.com/winery/oakville-winery/,"7830-40 Saint Helena Highway, Oakville"
Oberon Wines,http://www.napavintners.com/winery/oberon-wines/,"1285 Dealy Lane, Napa"
Page Wine Cellars,http://www.napavintners.com/cellars/page-wine-cellars/,"6505 Washington Street, Yountville"
PEJU,http://www.napavintners.com/winery/peju/,"8466 Saint Helena Highway, Rutherford"
Pine Ridge Vineyards,http://www.napavintners.com/vineyards/pine-ridge-vineyards/,"5901 Silverado Trail, Napa"
PlumpJack Winery,http://www.napavintners.com/winery/plumpjack-winery/,"620 Oakville Cross Road, Oakville"
Pope Valley Winery,http://www.napavintners.com/winery/pope-valley-winery/,"6613 Pope Valley Road, Pope Valley"
Provenance Vineyards,http://www.napavintners.com/vineyards/provenance-vineyards/,"1695 Saint Helena Highway, Saint Helena"
Purlieu Wines,http://www.napavintners.com/winery/purlieu-wines/,"1220 Adams Street, Saint Helena"
Raymond Vineyards,http://www.napavintners.com/vineyards/raymond-vineyards/,"849 Zinfandel Lane, Saint Helena"
Regusci Winery,http://www.napavintners.com/winery/regusci-winery/,"5584 Silverado Trail, Napa"
Renteria Wines,http://www.napavintners.com/winery/renteria-wines/,"Ma(i)sonry, 6711 Washington Street, Yountville"
Robert Mondavi Winery,http://www.napavintners.com/winery/robert-mondavi-winery/,"7801 Saint Helena Highway, Oakville"
Rombauer Vineyards,http://www.napavintners.com/vineyards/rombauer-vineyards/,"3522 Silverado Trail, Saint Helena"
Rutherford Grove Winery & Vineyards,http://www.napavintners.com/winery/rutherford-grove-winery-and-vineyards/,"1673 Highway 29, Rutherford"
Rutherford Hill Winery,http://www.napavintners.com/winery/rutherford-hill-winery/,"200 Rutherford Hill Road, Rutherford"
Sequoia Grove Winery,http://www.napavintners.com/winery/sequoia-grove-winery/,"8338 Saint Helena Highway, Rutherford"
Silver Oak Cellars,http://www.napavintners.com/cellars/silver-oak-cellars/,"915 Oakville Crossroad, Oakville"
Silverado Vineyards,http://www.napavintners.com/vineyards/silverado-vineyards/,"6121 Silverado Trail, Napa"
Somerston,http://www.napavintners.com/winery/somerston/,"3450 Sage Canyon Road, Saint Helena"
Spellbound,http://www.napavintners.com/winery/spellbound/,"1285 Dealy Lane, Napa"
St. Sup√©ry Estate Vineyards & Winery,http://www.napavintners.com/winery/st.-supandeacute;ry-estate-vineyards-and-winery/,"8440 Saint Helena Highway, Rutherford"
Stag's Leap Wine Cellars,http://www.napavintners.com/cellars/stags-leap-wine-cellars/,"5766 Silverado Trail, Napa"
Sterling Vineyards,http://www.napavintners.com/vineyards/sterling-vineyards/,"1111 Dunaweal Lane, Calistoga"
Stonehedge Winery,http://www.napavintners.com/winery/stonehedge-winery/,"1004 Clinton street, Napa"
Summers Estate Wines,http://www.napavintners.com/estates/summers-estate-wines/,"1171 Tubbs Lane, Calistoga"
The Hess Collection Winery,http://www.napavintners.com/winery/the-hess-collection-winery/,"4411 Redwood Road, Napa"
Trefethen Family Vineyards,http://www.napavintners.com/vineyards/trefethen-family-vineyards/,"1160 Oak Knoll Avenue, Napa"
Trinchero Napa Valley,http://www.napavintners.com/winery/trinchero-napa-valley/,"3070 North Saint Helena Highway, Saint Helena"
Trinitas Cellars,http://www.napavintners.com/cellars/trinitas-cellars/,"875 Bordeaux Way, Napa"
Turnbull Wine Cellars,http://www.napavintners.com/cellars/turnbull-wine-cellars/,"8210 Saint Helena Highway, Oakville"
Twomey Cellars,http://www.napavintners.com/cellars/twomey-cellars/,"1183 Dunaweal Lane, Calistoga"
V. Sattui Winery,http://www.napavintners.com/winery/v.-sattui-winery/,"1111 White Lane, Saint Helena"
Volker Eisele Family Estate,http://www.napavintners.com/estates/volker-eisele-family-estate/,"3080 Lower Chiles Valley Road, Saint Helena"
Waterstone,http://www.napavintners.com/winery/waterstone/,"Taste at Oxbow, 708 First Street, Napa"
Whitehall Lane,http://www.napavintners.com/winery/whitehall-lane/,"1563 Saint Helena Highway South, Saint Helena"
ZD Wines,http://www.napavintners.com/winery/zd-wines/,"8383 Silverado Trail, Rutherford"
